PO_ID,PO_Date,SupplierID,ProductID,OrderedQty,ReceivedQty,UnitCost,DeliveryDate,Status
PO000303,2024-01-01,S012,P0031,302,302,16.65,2024-01-22,On Time
PO001016,2024-01-01,S014,P0091,221,221,44.88,2024-01-26,On Time
PO000408,2024-01-01,S002,P0043,429,429,13.16,2024-01-29,On Time
PO000117,2024-01-01,S008,P0012,921,921,26.89,2024-02-07,On Time
PO000923,2024-01-01,S004,P0086,1156,880,25.93,2024-02-01,Partial
PO000041,2024-01-01,S013,P0004,184,184,52.9,2024-01-13,On Time
PO001050,2024-01-01,S002,P0096,131,131,80.63,2024-01-23,On Time
PO000908,2024-01-02,S008,P0083,128,128,74.89,2024-01-28,On Time
PO000511,2024-01-02,S005,P0050,243,243,13.99,2024-01-15,On Time
PO000575,2024-01-02,S008,P0054,166,166,70.37,2024-01-18,On Time
PO000283,2024-01-03,S006,P0028,127,62,19.11,2024-01-23,Partial
PO000170,2024-01-03,S012,P0017,174,69,15.52,2024-02-09,Partial
PO000160,2024-01-04,S011,P0016,497,497,76.65,2024-01-19,On Time
PO000693,2024-01-04,S003,P0064,989,989,22.01,2024-01-27,Late
PO000994,2024-01-04,S010,P0090,480,480,54.29,2024-02-04,On Time
PO000675,2024-01-04,S008,P0063,925,705,52.19,2024-02-13,Partial
PO000196,2024-01-04,S006,P0020,313,313,72.92,2024-01-16,On Time
PO000009,2024-01-05,S013,P0002,1152,1152,14.22,2024-01-17,On Time
PO000950,2024-01-05,S002,P0087,113,113,51.0,2024-01-28,On Time
PO000956,2024-01-05,S009,P0088,388,388,56.84,2024-01-12,On Time
PO000823,2024-01-06,S003,P0078,243,243,30.13,2024-01-21,On Time
PO000060,2024-01-06,S001,P0006,487,487,46.31,2024-02-20,Late
PO000766,2024-01-06,S015,P0071,255,255,33.72,2024-01-28,On Time
PO000110,2024-01-06,S015,P0011,170,170,14.71,2024-01-23,On Time
PO001059,2024-01-06,S009,P0098,166,166,37.7,2024-01-14,On Time
PO000443,2024-01-07,S008,P0045,310,310,20.99,2024-02-10,On Time
PO000287,2024-01-07,S014,P0029,155,155,11.27,2024-02-03,On Time
PO000100,2024-01-07,S001,P0010,568,348,11.25,2024-02-16,Partial
PO000488,2024-01-07,S001,P0048,542,542,74.77,2024-01-26,On Time
PO000389,2024-01-07,S009,P0039,237,118,38.7,2024-01-22,Partial
PO000498,2024-01-07,S011,P0049,197,197,32.3,2024-01-30,Late
PO000591,2024-01-07,S009,P0056,409,209,25.31,2024-01-17,Partial
PO000382,2024-01-07,S014,P0038,108,108,55.18,2024-01-31,On Time
PO000401,2024-01-08,S004,P0041,265,265,28.38,2024-02-11,On Time
PO000729,2024-01-08,S014,P0068,425,173,5.1,2024-02-09,Partial
PO000357,2024-01-08,S011,P0035,235,235,77.02,2024-01-20,On Time
PO000376,2024-01-08,S011,P0037,148,61,45.28,2024-01-28,Partial
PO000177,2024-01-08,S011,P0018,99,71,19.23,2024-01-24,Partial
PO000811,2024-01-08,S013,P0075,93,93,13.9,2024-01-23,On Time
PO001079,2024-01-08,S005,P0100,92,92,72.13,2024-01-25,On Time
PO000611,2024-01-08,S014,P0057,434,434,72.42,2024-02-06,On Time
PO000619,2024-01-08,S006,P0058,180,180,68.24,2024-01-31,Late
PO000265,2024-01-09,S008,P0026,254,254,74.71,2024-02-10,On Time
PO000790,2024-01-09,S009,P0073,569,569,35.97,2024-01-21,On Time
PO000049,2024-01-09,S010,P0005,362,362,24.96,2024-02-06,On Time
PO000323,2024-01-09,S011,P0033,375,375,56.95,2024-01-28,Late
PO000742,2024-01-09,S013,P0069,473,273,42.23,2024-01-31,Partial
PO000876,2024-01-09,S010,P0081,830,830,47.88,2024-02-24,Late
PO000902,2024-01-09,S013,P0082,171,125,43.38,2024-01-31,Partial
PO000657,2024-01-09,S010,P0062,1040,707,13.21,2024-02-21,Partial
PO001026,2024-01-10,S010,P0093,455,455,33.6,2024-02-02,On Time
PO000418,2024-01-10,S001,P0044,961,961,20.82,2024-01-30,On Time
PO000294,2024-01-10,S011,P0030,209,113,52.8,2024-01-26,Partial
PO000076,2024-01-11,S002,P0008,586,586,6.37,2024-01-25,On Time
PO000073,2024-01-11,S005,P0007,97,97,48.65,2024-01-28,On Time
PO000854,2024-01-11,S015,P0080,823,823,27.11,2024-02-01,On Time
PO001034,2024-01-11,S004,P0094,160,160,32.41,2024-02-12,On Time
PO000214,2024-01-11,S004,P0022,557,342,73.38,2024-02-24,Partial
PO001022,2024-01-12,S009,P0092,257,131,21.71,2024-01-22,Partial
PO000256,2024-01-12,S015,P0025,556,556,38.72,2024-01-30,On Time
PO000137,2024-01-12,S014,P0013,519,519,5.28,2024-02-03,On Time
PO000454,2024-01-12,S007,P0046,249,249,18.65,2024-01-17,On Time
PO000269,2024-01-12,S003,P0027,437,437,48.56,2024-01-26,On Time
PO000333,2024-01-12,S002,P0034,661,661,22.35,2024-02-04,On Time
PO001056,2024-01-12,S007,P0097,265,265,57.81,2024-01-19,On Time
PO000405,2024-01-13,S012,P0042,142,142,16.31,2024-02-06,On Time
PO000208,2024-01-13,S015,P0021,212,212,25.55,2024-02-06,On Time
PO000579,2024-01-13,S007,P0055,307,307,51.0,2024-01-20,On Time
PO000970,2024-01-14,S015,P0089,931,931,11.51,2024-02-06,On Time
PO000711,2024-01-14,S008,P0065,196,196,60.96,2024-02-13,On Time
PO000184,2024-01-14,S004,P0019,416,416,58.54,2024-02-27,Late
PO000315,2024-01-14,S005,P0032,459,459,28.82,2024-01-26,On Time
PO000654,2024-01-14,S013,P0061,243,243,7.81,2024-02-09,Late
PO001065,2024-01-14,S013,P0099,590,590,57.06,2024-01-26,On Time
PO000572,2024-01-14,S011,P0053,275,275,22.33,2024-01-31,Late
PO000396,2024-01-15,S008,P0040,248,248,25.39,2024-02-18,On Time
PO000816,2024-01-15,S011,P0076,227,227,17.51,2024-01-25,On Time
PO000723,2024-01-15,S009,P0067,204,204,40.02,2024-01-28,Late
PO000525,2024-01-15,S007,P0051,677,470,41.28,2024-01-23,Partial
PO000154,2024-01-17,S009,P0015,250,133,33.9,2024-01-29,Partial
PO000830,2024-01-17,S010,P0079,832,832,9.59,2024-02-04,On Time
PO000913,2024-01-17,S005,P0084,250,147,55.06,2024-02-05,Partial
PO000546,2024-01-17,S013,P0052,1015,1015,64.6,2024-02-06,Late
PO000001,2024-01-17,S014,P0001,370,180,30.42,2024-02-29,Partial
PO000800,2024-01-17,S013,P0074,487,487,34.98,2024-01-29,On Time
PO000226,2024-01-17,S004,P0023,161,161,45.82,2024-02-17,On Time
PO000772,2024-01-17,S010,P0072,1135,829,73.02,2024-02-16,Partial
PO000639,2024-01-18,S003,P0060,275,275,45.54,2024-02-16,Late
PO000627,2024-01-19,S015,P0059,470,470,42.47,2024-02-03,On Time
PO001040,2024-01-19,S002,P0095,441,441,26.71,2024-02-11,On Time
PO000720,2024-01-19,S015,P0066,198,198,4.66,2024-02-06,On Time
PO000148,2024-01-19,S011,P0014,125,125,28.66,2024-02-01,On Time
PO000370,2024-01-19,S014,P0036,135,135,5.19,2024-02-19,On Time
PO000086,2024-01-19,S014,P0009,185,185,3.6,2024-02-05,On Time
PO000462,2024-01-19,S013,P0047,874,588,69.07,2024-02-10,Partial
PO000231,2024-01-20,S004,P0024,513,339,57.37,2024-02-29,Partial
PO000819,2024-01-20,S001,P0077,105,105,55.53,2024-03-07,Late
PO000918,2024-01-20,S011,P0085,137,137,31.26,2024-02-01,On Time
PO000761,2024-01-20,S003,P0070,230,99,75.16,2024-02-06,Partial
PO000028,2024-01-20,S012,P0003,585,585,50.24,2024-02-06,On Time
PO000419,2024-01-31,S014,P0044,1194,1194,19.63,2024-02-29,On Time
PO000995,2024-02-04,S010,P0090,1084,709,55.02,2024-03-07,Partial
PO000924,2024-02-06,S005,P0086,1140,1140,21.99,2024-02-21,On Time
PO000334,2024-02-08,S012,P0034,979,979,22.17,2024-02-29,On Time
PO000463,2024-02-08,S011,P0047,1063,1063,73.96,2024-02-24,On Time
PO000877,2024-02-09,S010,P0081,1126,500,49.04,2024-03-12,Partial
PO000010,2024-02-16,S013,P0002,578,578,13.99,2024-02-29,On Time
PO000831,2024-02-16,S010,P0079,742,571,9.37,2024-04-02,Partial
PO000658,2024-02-18,S010,P0062,681,681,13.09,2024-03-15,On Time
PO000676,2024-02-18,S008,P0063,851,711,56.22,2024-04-05,Partial
PO000547,2024-02-18,S013,P0052,831,831,65.51,2024-03-17,Late
PO000971,2024-02-21,S015,P0089,592,458,11.37,2024-03-14,Partial
PO000592,2024-02-25,S009,P0056,732,732,24.37,2024-03-04,On Time
PO000232,2024-02-26,S008,P0024,895,895,53.88,2024-04-04,On Time
PO000694,2024-02-26,S003,P0064,861,861,21.33,2024-03-09,On Time
PO000118,2024-02-26,S008,P0012,1126,1126,25.89,2024-03-31,On Time
PO000087,2024-02-26,S014,P0009,329,329,3.84,2024-03-21,On Time
PO000499,2024-02-28,S009,P0049,482,482,33.2,2024-03-05,On Time
PO000640,2024-02-28,S003,P0060,567,567,46.17,2024-03-12,On Time
PO000925,2024-02-29,S004,P0086,407,407,25.76,2024-04-14,Late
PO000512,2024-02-29,S013,P0050,514,514,14.57,2024-03-15,On Time
PO000855,2024-03-03,S015,P0080,995,995,27.55,2024-03-29,Late
PO000304,2024-03-04,S012,P0031,347,211,16.05,2024-04-08,Partial
PO000832,2024-03-07,S010,P0079,1164,639,9.57,2024-04-15,Partial
PO000773,2024-03-07,S010,P0072,410,410,69.8,2024-04-02,On Time
PO000548,2024-03-09,S013,P0052,672,672,61.89,2024-03-24,On Time
PO000526,2024-03-10,S007,P0051,1193,1193,43.84,2024-03-19,Late
PO000444,2024-03-12,S008,P0045,597,597,21.25,2024-04-27,On Time
PO000878,2024-03-12,S010,P0081,539,539,49.14,2024-04-07,On Time
PO000420,2024-03-12,S014,P0044,1019,510,19.15,2024-04-24,Partial
PO000743,2024-03-14,S013,P0069,1118,1118,41.33,2024-03-26,On Time
PO000050,2024-03-14,S002,P0005,308,308,27.05,2024-04-09,On Time
PO000138,2024-03-14,S014,P0013,313,313,4.99,2024-04-10,On Time
PO000335,2024-03-17,S002,P0034,1072,1072,21.63,2024-04-25,Late
PO000270,2024-03-19,S003,P0027,323,166,49.42,2024-04-05,Partial
PO001066,2024-03-20,S005,P0099,351,351,58.83,2024-04-03,On Time
PO000233,2024-03-21,S004,P0024,463,463,57.53,2024-04-25,On Time
PO000972,2024-03-21,S007,P0089,627,627,12.51,2024-03-27,On Time
PO000856,2024-03-21,S013,P0080,1070,1070,29.29,2024-04-03,On Time
PO000744,2024-03-21,S013,P0069,803,803,40.87,2024-04-03,On Time
PO000324,2024-03-21,S011,P0033,574,290,57.62,2024-04-12,Partial
PO000197,2024-03-21,S014,P0020,591,406,63.09,2024-04-25,Partial
PO000358,2024-03-22,S011,P0035,378,378,77.49,2024-04-01,On Time
PO000161,2024-03-22,S011,P0016,325,325,75.9,2024-04-12,Late
PO000628,2024-03-24,S015,P0059,583,583,45.15,2024-04-15,On Time
PO000464,2024-03-24,S011,P0047,565,399,69.01,2024-04-14,Partial
PO000185,2024-03-25,S004,P0019,283,218,61.44,2024-04-29,Partial
PO000527,2024-03-25,S007,P0051,438,438,41.85,2024-03-30,On Time
PO000659,2024-03-25,S010,P0062,732,732,12.61,2024-04-29,On Time
PO000791,2024-03-26,S009,P0073,476,476,38.24,2024-04-02,On Time
PO000677,2024-03-27,S008,P0063,398,398,52.4,2024-05-16,Late
PO000549,2024-03-28,S013,P0052,884,884,61.8,2024-04-14,On Time
PO000926,2024-03-28,S004,P0086,703,703,24.78,2024-05-22,Late
PO000215,2024-03-31,S004,P0022,569,569,74.99,2024-05-25,Late
PO000593,2024-04-01,S009,P0056,900,900,24.79,2024-04-14,Late
PO000465,2024-04-01,S011,P0047,377,377,74.76,2024-04-16,On Time
PO000011,2024-04-01,S013,P0002,704,704,14.24,2024-04-14,On Time
PO000580,2024-04-01,S002,P0055,356,356,45.1,2024-04-27,On Time
PO000234,2024-04-01,S004,P0024,886,886,58.77,2024-05-05,On Time
PO000421,2024-04-04,S001,P0044,500,239,21.69,2024-05-06,Partial
PO000957,2024-04-05,S009,P0088,358,173,57.72,2024-04-20,Partial
PO000101,2024-04-06,S001,P0010,433,433,10.81,2024-04-28,On Time
PO000996,2024-04-07,S013,P0090,1194,1194,56.32,2024-04-21,On Time
PO000316,2024-04-07,S005,P0032,420,420,26.54,2024-04-22,On Time
PO000620,2024-04-10,S009,P0058,325,325,59.6,2024-04-22,Late
PO000774,2024-04-10,S010,P0072,536,297,70.84,2024-05-25,Partial
PO000061,2024-04-10,S001,P0006,298,179,45.73,2024-05-05,Partial
PO000973,2024-04-10,S007,P0089,766,766,12.31,2024-04-17,On Time
PO000336,2024-04-10,S012,P0034,769,769,24.01,2024-05-20,Late
PO000455,2024-04-10,S004,P0046,433,433,18.71,2024-05-08,On Time
PO000119,2024-04-13,S008,P0012,448,326,26.76,2024-06-05,Partial
PO000077,2024-04-14,S002,P0008,224,224,6.31,2024-05-12,On Time
PO000695,2024-04-14,S003,P0064,425,425,23.06,2024-05-01,On Time
PO000997,2024-04-15,S010,P0090,872,427,58.29,2024-05-29,Partial
PO000833,2024-04-15,S010,P0079,1112,1112,9.34,2024-06-03,Late
PO000029,2024-04-17,S012,P0003,297,297,52.13,2024-06-01,Late
PO000088,2024-04-17,S014,P0009,238,238,3.6,2024-05-10,On Time
PO000730,2024-04-20,S014,P0068,455,455,5.13,2024-05-11,On Time
PO000879,2024-04-21,S010,P0081,672,672,49.55,2024-05-16,On Time
PO000383,2024-04-21,S014,P0038,138,138,60.71,2024-05-11,On Time
PO000062,2024-04-22,S015,P0006,306,306,42.18,2024-05-19,On Time
PO000042,2024-04-22,S013,P0004,207,207,52.58,2024-05-07,On Time
PO000712,2024-04-23,S007,P0065,580,580,63.76,2024-04-30,On Time
PO000641,2024-04-24,S003,P0060,433,433,44.51,2024-05-05,On Time
PO000466,2024-04-24,S013,P0047,982,982,66.77,2024-05-11,Late
PO000731,2024-04-24,S012,P0068,385,385,5.64,2024-05-17,On Time
PO000550,2024-04-26,S013,P0052,536,536,61.92,2024-05-13,Late
PO000012,2024-04-26,S013,P0002,1037,1037,14.76,2024-05-07,On Time
PO000359,2024-04-27,S015,P0035,285,285,73.73,2024-05-09,On Time
PO000422,2024-04-29,S001,P0044,1042,1042,21.53,2024-05-26,On Time
PO000171,2024-04-30,S012,P0017,228,228,15.81,2024-05-20,On Time
PO000745,2024-04-30,S013,P0069,350,350,43.05,2024-05-15,On Time
PO000120,2024-04-30,S008,P0012,466,466,26.66,2024-06-04,On Time
PO000271,2024-05-01,S006,P0027,371,371,56.68,2024-05-13,On Time
PO000295,2024-05-01,S011,P0030,348,293,54.48,2024-05-23,Partial
PO000489,2024-05-01,S001,P0048,337,337,78.87,2024-05-24,On Time
PO001041,2024-05-01,S002,P0095,451,451,28.15,2024-05-25,On Time
PO000178,2024-05-03,S011,P0018,202,101,18.26,2024-05-24,Partial
PO000594,2024-05-03,S009,P0056,595,595,24.16,2024-05-09,On Time
PO000030,2024-05-03,S012,P0003,204,204,51.73,2024-05-23,On Time
PO000257,2024-05-03,S015,P0025,565,565,38.82,2024-05-30,Late
PO000235,2024-05-04,S008,P0024,552,552,53.17,2024-06-10,On Time
PO000528,2024-05-04,S007,P0051,566,566,42.36,2024-05-12,On Time
PO001017,2024-05-05,S004,P0091,243,243,50.11,2024-06-03,On Time
PO000696,2024-05-06,S003,P0064,458,458,22.09,2024-05-20,On Time
PO000857,2024-05-07,S015,P0080,1152,635,27.43,2024-06-03,Partial
PO000927,2024-05-08,S005,P0086,737,737,23.55,2024-05-31,Late
PO000801,2024-05-10,S004,P0074,257,257,38.16,2024-06-11,On Time
PO000974,2024-05-11,S007,P0089,1037,1037,12.1,2024-05-18,On Time
PO000660,2024-05-11,S010,P0062,827,827,12.71,2024-06-21,Late
PO000834,2024-05-14,S010,P0079,939,539,9.64,2024-06-12,Partial
PO000337,2024-05-16,S002,P0034,1048,1048,22.53,2024-06-10,On Time
PO000958,2024-05-17,S009,P0088,246,186,58.06,2024-05-28,Partial
PO000051,2024-05-18,S002,P0005,396,396,27.28,2024-06-15,On Time
PO000880,2024-05-19,S010,P0081,651,651,48.3,2024-06-07,On Time
PO000198,2024-05-21,S006,P0020,507,507,75.21,2024-05-31,On Time
PO000216,2024-05-21,S004,P0022,333,333,76.47,2024-06-18,On Time
PO000409,2024-05-23,S002,P0043,232,232,13.96,2024-06-17,On Time
PO001027,2024-05-24,S001,P0093,563,563,37.52,2024-06-10,On Time
PO000998,2024-05-24,S009,P0090,1087,1087,62.11,2024-06-01,On Time
PO000551,2024-05-25,S013,P0052,808,808,62.67,2024-06-09,On Time
PO001067,2024-05-25,S005,P0099,193,193,56.02,2024-06-11,On Time
PO000410,2024-05-26,S002,P0043,580,580,12.95,2024-06-20,On Time
PO000162,2024-05-27,S011,P0016,533,533,75.89,2024-06-06,On Time
PO000490,2024-05-28,S001,P0048,284,284,73.77,2024-06-25,On Time
PO000802,2024-05-29,S004,P0074,509,509,38.4,2024-07-15,Late
PO001051,2024-05-29,S002,P0096,195,195,77.14,2024-06-20,On Time
PO000390,2024-05-30,S009,P0039,250,250,39.13,2024-06-07,On Time
PO000612,2024-05-30,S014,P0057,460,460,72.21,2024-06-23,On Time
PO000903,2024-06-01,S007,P0082,176,176,44.7,2024-06-05,On Time
PO000513,2024-06-01,S005,P0050,248,208,15.12,2024-06-26,Partial
PO000928,2024-06-04,S001,P0086,602,602,25.43,2024-06-26,On Time
PO000467,2024-06-04,S011,P0047,755,317,71.86,2024-06-27,Partial
PO000500,2024-06-05,S009,P0049,553,553,31.25,2024-06-19,Late
PO000775,2024-06-06,S010,P0072,529,529,69.84,2024-07-10,Late
PO000529,2024-06-06,S007,P0051,1051,1051,42.6,2024-06-13,On Time
PO000595,2024-06-06,S009,P0056,706,706,25.78,2024-06-22,Late
PO000678,2024-06-08,S008,P0063,681,681,53.5,2024-07-22,Late
PO000792,2024-06-09,S009,P0073,425,425,35.3,2024-06-18,On Time
PO000102,2024-06-09,S001,P0010,596,596,11.23,2024-07-03,On Time
PO000236,2024-06-11,S008,P0024,1082,1082,54.53,2024-07-12,On Time
PO000186,2024-06-11,S004,P0019,188,188,62.49,2024-07-10,On Time
PO000139,2024-06-11,S003,P0013,208,208,5.48,2024-07-07,Late
PO000858,2024-06-12,S013,P0080,864,864,28.73,2024-06-25,On Time
PO000078,2024-06-12,S014,P0008,533,533,6.1,2024-07-07,On Time
PO000824,2024-06-13,S003,P0078,127,127,30.66,2024-06-23,On Time
PO000679,2024-06-14,S003,P0063,1042,1042,55.67,2024-06-30,On Time
PO000629,2024-06-14,S015,P0059,577,577,45.49,2024-07-02,On Time
PO000951,2024-06-14,S002,P0087,265,265,52.02,2024-07-04,On Time
PO000423,2024-06-15,S001,P0044,580,580,21.47,2024-07-10,On Time
PO000881,2024-06-15,S010,P0081,1130,917,48.2,2024-07-17,Partial
PO000697,2024-06-17,S003,P0064,1081,1081,22.11,2024-06-29,On Time
PO000002,2024-06-17,S014,P0001,360,360,29.9,2024-07-12,On Time
PO000089,2024-06-18,S004,P0009,286,180,4.06,2024-08-09,Partial
PO000338,2024-06-18,S002,P0034,772,772,23.14,2024-07-15,On Time
PO000835,2024-06-19,S010,P0079,1043,1043,9.78,2024-07-19,On Time
PO000581,2024-06-20,S002,P0055,573,573,47.5,2024-08-07,Late
PO000914,2024-06-21,S005,P0084,266,266,50.0,2024-07-04,On Time
PO000975,2024-06-23,S007,P0089,390,390,13.08,2024-06-30,On Time
PO000999,2024-06-23,S009,P0090,355,355,60.46,2024-07-02,On Time
PO000746,2024-06-24,S013,P0069,1150,1150,40.9,2024-07-10,On Time
PO000305,2024-06-24,S012,P0031,191,191,15.63,2024-07-21,On Time
PO000013,2024-06-25,S013,P0002,877,877,13.67,2024-07-06,On Time
PO000724,2024-06-26,S009,P0067,199,107,38.85,2024-07-10,Partial
PO000929,2024-06-26,S004,P0086,749,749,23.68,2024-07-25,On Time
PO000121,2024-06-26,S008,P0012,634,634,27.13,2024-07-24,On Time
PO000642,2024-06-27,S003,P0060,211,211,45.96,2024-07-14,On Time
PO001068,2024-06-28,S013,P0099,268,268,59.42,2024-07-13,On Time
PO001035,2024-06-30,S004,P0094,117,83,32.03,2024-08-17,Partial
PO000288,2024-07-01,S014,P0029,202,202,11.9,2024-07-23,On Time
PO000445,2024-07-01,S008,P0045,276,276,21.82,2024-08-01,On Time
PO000621,2024-07-02,S006,P0058,229,229,65.9,2024-07-13,On Time
PO000468,2024-07-04,S011,P0047,679,679,68.8,2024-07-17,On Time
PO000111,2024-07-05,S006,P0011,144,144,17.46,2024-07-20,On Time
PO000836,2024-07-06,S010,P0079,369,369,9.66,2024-07-30,On Time
PO000732,2024-07-06,S012,P0068,304,304,5.61,2024-08-14,Late
PO000661,2024-07-07,S010,P0062,1013,1013,13.04,2024-08-09,On Time
PO000859,2024-07-07,S013,P0080,733,733,28.46,2024-07-22,On Time
PO000552,2024-07-07,S013,P0052,567,567,61.82,2024-07-19,On Time
PO000713,2024-07-08,S007,P0065,579,579,67.38,2024-07-15,On Time
PO000530,2024-07-10,S007,P0051,680,417,43.71,2024-07-18,Partial
PO000767,2024-07-10,S008,P0071,129,129,32.73,2024-08-09,On Time
PO000187,2024-07-11,S004,P0019,228,228,61.01,2024-08-02,On Time
PO000149,2024-07-11,S007,P0014,271,271,29.56,2024-07-21,Late
PO000043,2024-07-12,S013,P0004,444,444,57.08,2024-07-28,On Time
PO000031,2024-07-12,S012,P0003,581,581,51.37,2024-08-04,On Time
PO001042,2024-07-13,S001,P0095,263,263,27.25,2024-08-07,On Time
PO000882,2024-07-13,S010,P0081,673,277,49.27,2024-08-09,Partial
PO000237,2024-07-14,S004,P0024,689,488,58.7,2024-08-18,Partial
PO000776,2024-07-16,S010,P0072,1031,1031,69.97,2024-08-15,On Time
PO000155,2024-07-17,S009,P0015,197,197,33.25,2024-07-25,On Time
PO000272,2024-07-18,S006,P0027,308,247,56.56,2024-08-01,Partial
PO000122,2024-07-19,S008,P0012,956,956,26.46,2024-08-25,On Time
PO000909,2024-07-19,S008,P0083,154,154,75.31,2024-08-15,On Time
PO000258,2024-07-20,S012,P0025,338,338,42.72,2024-08-13,On Time
PO000014,2024-07-20,S013,P0002,901,901,13.77,2024-07-31,On Time
PO000630,2024-07-20,S015,P0059,398,398,43.99,2024-08-02,On Time
PO000582,2024-07-20,S007,P0055,422,301,50.16,2024-07-31,Partial
PO000424,2024-07-22,S001,P0044,486,486,20.51,2024-08-24,Late
PO000514,2024-07-22,S013,P0050,554,554,14.63,2024-08-14,Late
PO000377,2024-07-22,S011,P0037,193,193,43.86,2024-08-02,On Time
PO000063,2024-07-23,S001,P0006,593,593,43.56,2024-08-16,On Time
PO001060,2024-07-23,S009,P0098,205,112,38.51,2024-08-01,Partial
PO000680,2024-07-23,S008,P0063,720,720,52.05,2024-08-20,On Time
PO000643,2024-07-23,S003,P0060,439,338,46.39,2024-08-16,Partial
PO000238,2024-07-24,S008,P0024,908,908,57.17,2024-08-25,On Time
PO000296,2024-07-24,S011,P0030,203,203,55.03,2024-08-05,On Time
PO000317,2024-07-25,S005,P0032,544,544,28.14,2024-08-05,On Time
PO000325,2024-07-26,S011,P0033,323,191,56.49,2024-08-14,Partial
PO000959,2024-07-26,S009,P0088,266,266,57.99,2024-08-05,On Time
PO000596,2024-07-26,S009,P0056,776,776,24.97,2024-08-03,On Time
PO000339,2024-07-28,S012,P0034,1067,1067,23.61,2024-08-13,On Time
PO000179,2024-07-30,S011,P0018,247,247,18.25,2024-08-10,On Time
PO000976,2024-07-30,S014,P0089,897,897,11.2,2024-08-30,On Time
PO000825,2024-07-31,S003,P0078,251,251,29.83,2024-08-10,On Time
PO000199,2024-08-02,S014,P0020,257,257,63.7,2024-09-25,Late
PO000883,2024-08-02,S010,P0081,466,195,46.09,2024-09-11,Partial
PO000360,2024-08-03,S011,P0035,551,551,76.3,2024-08-19,On Time
PO000501,2024-08-03,S009,P0049,598,598,32.81,2024-08-19,Late
PO000662,2024-08-03,S010,P0062,507,507,12.39,2024-09-02,On Time
PO000515,2024-08-03,S013,P0050,510,510,14.2,2024-08-15,On Time
PO001000,2024-08-04,S010,P0090,806,806,56.24,2024-08-30,On Time
PO000930,2024-08-04,S004,P0086,905,458,23.7,2024-09-18,Partial
PO000209,2024-08-05,S015,P0021,261,261,25.07,2024-08-25,On Time
PO000553,2024-08-06,S013,P0052,1096,1096,61.81,2024-08-20,On Time
PO000597,2024-08-07,S009,P0056,669,669,23.6,2024-08-16,On Time
PO000371,2024-08-07,S005,P0036,88,64,5.15,2024-08-28,Partial
PO001023,2024-08-08,S002,P0092,87,87,21.29,2024-09-08,On Time
PO000340,2024-08-09,S012,P0034,926,926,24.08,2024-08-31,On Time
PO000469,2024-08-09,S011,P0047,1184,1184,69.17,2024-08-27,Late
PO000531,2024-08-14,S007,P0051,632,632,40.7,2024-08-21,On Time
PO000064,2024-08-14,S008,P0006,217,217,39.79,2024-09-26,Late
PO001043,2024-08-15,S010,P0095,563,563,24.9,2024-09-10,On Time
PO000425,2024-08-15,S014,P0044,575,575,20.09,2024-10-04,Late
PO000172,2024-08-15,S012,P0017,172,172,16.43,2024-09-24,Late
PO000977,2024-08-16,S007,P0089,815,815,12.89,2024-08-22,On Time
PO001069,2024-08-17,S013,P0099,466,466,57.2,2024-08-28,On Time
PO000777,2024-08-18,S010,P0072,760,760,72.89,2024-09-14,On Time
PO000860,2024-08-18,S015,P0080,1068,1068,27.6,2024-09-02,On Time
PO000747,2024-08-18,S013,P0069,590,590,41.11,2024-08-28,On Time
PO000554,2024-08-19,S013,P0052,533,533,67.02,2024-09-01,On Time
PO000812,2024-08-20,S013,P0075,262,262,13.69,2024-08-31,On Time
PO000837,2024-08-21,S010,P0079,861,861,9.72,2024-09-08,On Time
PO000960,2024-08-22,S009,P0088,574,363,54.05,2024-09-01,Partial
PO000793,2024-08-22,S009,P0073,302,302,37.08,2024-08-31,On Time
PO000884,2024-08-22,S010,P0081,610,610,45.88,2024-09-13,On Time
PO000698,2024-08-23,S003,P0064,1002,1002,21.97,2024-09-05,On Time
PO000576,2024-08-23,S008,P0054,94,94,71.55,2024-09-18,On Time
PO000052,2024-08-24,S010,P0005,595,359,24.44,2024-09-23,Partial
PO000820,2024-08-24,S001,P0077,88,88,53.74,2024-09-21,On Time
PO000919,2024-08-24,S011,P0085,142,142,31.48,2024-09-04,On Time
PO000273,2024-08-24,S007,P0027,423,423,54.83,2024-08-29,On Time
PO000391,2024-08-25,S009,P0039,193,158,40.2,2024-09-09,Partial
PO000931,2024-08-26,S001,P0086,693,693,25.55,2024-09-21,On Time
PO000103,2024-08-27,S001,P0010,398,398,11.26,2024-09-27,Late
PO000123,2024-08-27,S008,P0012,1012,1012,27.1,2024-09-30,On Time
PO000239,2024-08-29,S004,P0024,920,920,56.33,2024-10-02,On Time
PO000032,2024-08-29,S012,P0003,300,300,52.57,2024-09-20,On Time
PO000217,2024-08-30,S004,P0022,333,333,72.14,2024-10-10,On Time
PO000733,2024-08-30,S014,P0068,388,388,4.79,2024-10-18,Late
PO000306,2024-08-30,S012,P0031,577,577,15.83,2024-09-22,On Time
PO000015,2024-08-31,S013,P0002,430,430,14.59,2024-09-12,On Time
PO000112,2024-09-01,S015,P0011,188,188,15.81,2024-10-04,Late
PO000090,2024-09-02,S014,P0009,260,260,3.73,2024-09-25,On Time
PO001061,2024-09-02,S009,P0098,168,70,39.3,2024-09-15,Partial
PO000532,2024-09-03,S007,P0051,1088,1088,43.4,2024-09-10,On Time
PO000227,2024-09-03,S004,P0023,145,77,45.96,2024-10-03,Partial
PO000803,2024-09-03,S013,P0074,392,260,33.94,2024-09-19,Partial
PO000307,2024-09-03,S012,P0031,365,365,16.15,2024-09-22,On Time
PO000861,2024-09-03,S013,P0080,815,815,29.3,2024-09-15,On Time
PO000470,2024-09-07,S011,P0047,1047,579,72.02,2024-09-27,Partial
PO000361,2024-09-08,S015,P0035,244,244,71.2,2024-09-23,On Time
PO000397,2024-09-08,S008,P0040,216,216,26.75,2024-10-15,On Time
PO000978,2024-09-09,S007,P0089,1159,1159,12.42,2024-09-17,On Time
PO000426,2024-09-10,S014,P0044,840,840,19.65,2024-10-01,On Time
PO001028,2024-09-10,S001,P0093,534,534,35.19,2024-10-02,On Time
PO000583,2024-09-10,S002,P0055,532,532,48.34,2024-09-28,On Time
PO000613,2024-09-12,S013,P0057,387,387,70.46,2024-10-04,Late
PO000446,2024-09-12,S008,P0045,484,484,20.33,2024-10-31,Late
PO000555,2024-09-12,S013,P0052,1149,1149,67.02,2024-10-08,Late
PO001001,2024-09-12,S010,P0090,364,247,54.19,2024-10-10,Partial
PO000297,2024-09-13,S011,P0030,321,321,52.08,2024-09-27,On Time
PO000140,2024-09-13,S003,P0013,466,466,5.38,2024-09-27,On Time
PO000502,2024-09-14,S011,P0049,364,168,30.21,2024-10-04,Partial
PO000471,2024-09-15,S011,P0047,1047,1047,75.12,2024-10-07,Late
PO000885,2024-09-15,S010,P0081,949,546,49.65,2024-10-11,Partial
PO000762,2024-09-17,S003,P0070,165,165,75.47,2024-10-02,On Time
PO000259,2024-09-17,S015,P0025,282,282,35.22,2024-10-05,On Time
PO000681,2024-09-18,S008,P0063,441,441,53.07,2024-10-21,On Time
PO000150,2024-09-19,S011,P0014,158,158,29.08,2024-10-08,Late
PO000003,2024-09-22,S014,P0001,497,497,29.96,2024-10-11,On Time
PO000932,2024-09-22,S005,P0086,466,466,23.2,2024-10-07,On Time
PO000644,2024-09-22,S003,P0060,594,594,44.34,2024-10-06,On Time
PO000748,2024-09-23,S013,P0069,1195,1195,43.74,2024-10-19,Late
PO000053,2024-09-24,S002,P0005,338,338,27.4,2024-10-20,On Time
PO000456,2024-09-24,S007,P0046,505,505,17.95,2024-09-28,On Time
PO001036,2024-09-25,S004,P0094,177,177,32.87,2024-10-29,On Time
PO000838,2024-09-26,S010,P0079,735,735,9.61,2024-10-16,On Time
PO000341,2024-09-27,S012,P0034,524,524,22.98,2024-10-17,On Time
PO000141,2024-09-28,S003,P0013,422,422,5.46,2024-10-16,On Time
PO000200,2024-09-28,S006,P0020,550,550,71.91,2024-10-12,On Time
PO001070,2024-09-29,S013,P0099,555,555,60.16,2024-10-12,On Time
PO000952,2024-09-30,S002,P0087,165,116,49.75,2024-11-10,Partial
PO000778,2024-10-03,S010,P0072,1167,1167,74.59,2024-11-02,On Time
PO000491,2024-10-04,S007,P0048,596,596,78.38,2024-10-11,On Time
PO000699,2024-10-04,S003,P0064,748,748,22.53,2024-10-26,Late
PO000318,2024-10-07,S005,P0032,325,325,28.36,2024-10-18,On Time
PO000240,2024-10-08,S008,P0024,951,951,54.76,2024-11-30,Late
PO000079,2024-10-08,S014,P0008,357,357,6.43,2024-11-05,On Time
PO000427,2024-10-09,S001,P0044,462,462,20.54,2024-11-02,On Time
PO000734,2024-10-09,S012,P0068,289,289,5.5,2024-10-31,On Time
PO000663,2024-10-10,S005,P0062,773,773,13.22,2024-10-23,On Time
PO000163,2024-10-10,S011,P0016,281,281,75.74,2024-10-22,On Time
PO000274,2024-10-11,S003,P0027,318,318,47.42,2024-10-22,On Time
PO000004,2024-10-11,S014,P0001,408,408,28.41,2024-12-03,Late
PO000749,2024-10-11,S013,P0069,922,922,41.58,2024-10-30,Late
PO000933,2024-10-12,S004,P0086,1164,1164,24.66,2024-11-13,On Time
PO000016,2024-10-14,S013,P0002,965,965,14.16,2024-11-09,Late
PO000614,2024-10-14,S014,P0057,368,368,68.2,2024-11-12,On Time
PO000342,2024-10-14,S002,P0034,507,507,22.27,2024-11-10,On Time
PO000979,2024-10-14,S014,P0089,743,743,11.13,2024-11-07,On Time
PO000284,2024-10-15,S006,P0028,119,119,18.65,2024-10-25,On Time
PO000556,2024-10-15,S013,P0052,913,913,61.99,2024-10-30,On Time
PO000411,2024-10-15,S002,P0043,218,117,13.14,2024-11-11,Partial
PO000044,2024-10-15,S013,P0004,400,400,53.88,2024-11-11,Late
PO000124,2024-10-15,S008,P0012,577,577,26.22,2024-12-06,Late
PO001002,2024-10-15,S009,P0090,654,654,59.71,2024-10-22,On Time
PO000839,2024-10-16,S010,P0079,1143,1143,9.76,2024-11-07,On Time
PO000598,2024-10-16,S009,P0056,606,606,24.79,2024-10-31,Late
PO000326,2024-10-18,S010,P0033,582,293,56.33,2024-11-13,Partial
PO000384,2024-10-19,S005,P0038,224,224,57.27,2024-11-05,On Time
PO000218,2024-10-19,S004,P0022,416,277,71.64,2024-12-06,Partial
PO000961,2024-10-21,S009,P0088,492,492,57.08,2024-10-30,On Time
PO000533,2024-10-22,S007,P0051,693,693,42.36,2024-10-27,On Time
PO000091,2024-10-22,S004,P0009,298,204,3.96,2024-11-28,Partial
PO000862,2024-10-23,S015,P0080,863,863,27.17,2024-11-09,On Time
PO000472,2024-10-23,S011,P0047,436,436,72.77,2024-11-05,On Time
PO000241,2024-10-23,S008,P0024,375,375,54.38,2024-11-20,On Time
PO000725,2024-10-24,S009,P0067,84,53,40.57,2024-11-04,Partial
PO001018,2024-10-24,S014,P0091,256,119,43.39,2024-11-23,Partial
PO000910,2024-10-24,S008,P0083,106,106,76.44,2024-11-20,On Time
PO000794,2024-10-24,S009,P0073,283,135,36.31,2024-11-07,Partial
PO000886,2024-10-24,S010,P0081,837,837,49.19,2024-11-23,On Time
PO000289,2024-10-25,S014,P0029,200,200,11.28,2024-11-20,On Time
PO001003,2024-10-26,S010,P0090,361,361,56.59,2024-11-22,On Time
PO000188,2024-10-26,S004,P0019,183,183,61.95,2024-11-29,On Time
PO000516,2024-10-26,S013,P0050,565,565,13.8,2024-11-08,On Time
PO000622,2024-10-27,S009,P0058,556,556,62.38,2024-11-10,Late
PO000631,2024-10-28,S015,P0059,451,451,44.45,2024-11-20,On Time
PO000210,2024-10-28,S015,P0021,218,218,25.68,2024-11-22,On Time
PO000804,2024-10-29,S004,P0074,181,181,36.07,2024-11-26,On Time
PO000362,2024-10-31,S015,P0035,202,202,74.74,2024-11-19,On Time
PO000447,2024-10-31,S008,P0045,586,586,21.59,2024-12-06,On Time
PO000080,2024-11-01,S014,P0008,455,291,6.48,2024-12-01,Partial
PO000428,2024-11-01,S001,P0044,515,515,20.55,2024-11-27,On Time
PO000840,2024-11-01,S010,P0079,610,299,9.01,2024-12-05,Partial
PO000682,2024-11-02,S008,P0063,928,928,56.52,2024-12-13,On Time
PO000664,2024-11-02,S005,P0062,483,483,12.94,2024-11-26,Late
PO000327,2024-11-03,S011,P0033,346,346,59.25,2024-11-16,On Time
PO000632,2024-11-04,S015,P0059,588,588,44.03,2024-12-12,Late
PO000343,2024-11-04,S012,P0034,621,621,23.71,2024-12-02,On Time
PO000714,2024-11-04,S007,P0065,227,227,64.23,2024-11-11,On Time
PO000125,2024-11-05,S008,P0012,828,828,24.93,2024-12-11,On Time
PO000779,2024-11-06,S010,P0072,703,703,70.63,2024-12-01,On Time
PO000164,2024-11-06,S011,P0016,514,258,77.74,2024-11-29,Partial
PO000219,2024-11-07,S004,P0022,582,582,75.12,2025-01-05,Late
PO000473,2024-11-08,S013,P0047,969,969,65.06,2024-11-24,On Time
PO000557,2024-11-08,S013,P0052,724,724,61.62,2024-12-04,Late
PO000517,2024-11-09,S013,P0050,372,202,14.76,2024-11-28,Partial
PO000887,2024-11-10,S010,P0081,710,710,47.24,2024-12-05,On Time
PO000406,2024-11-11,S012,P0042,177,177,16.3,2024-12-01,On Time
PO000033,2024-11-14,S012,P0003,389,389,49.63,2024-12-11,Late
PO000378,2024-11-14,S011,P0037,142,142,43.85,2024-11-27,On Time
PO000750,2024-11-15,S013,P0069,964,964,39.66,2024-11-26,On Time
PO000599,2024-11-15,S009,P0056,369,179,25.41,2024-11-28,Partial
PO000457,2024-11-16,S004,P0046,493,215,18.23,2024-12-24,Partial
PO000156,2024-11-16,S009,P0015,195,113,31.33,2024-11-29,Partial
PO000768,2024-11-17,S015,P0071,245,245,30.78,2024-12-13,Late
PO000242,2024-11-18,S008,P0024,657,657,55.18,2025-01-19,Late
PO000700,2024-11-18,S003,P0064,457,457,22.65,2024-12-04,On Time
PO000092,2024-11-18,S004,P0009,483,323,3.94,2024-12-28,Partial
PO000017,2024-11-19,S013,P0002,1175,1175,14.24,2024-12-10,Late
PO000934,2024-11-19,S004,P0086,632,632,24.07,2024-12-18,On Time
PO000645,2024-11-20,S003,P0060,586,586,44.97,2024-12-05,On Time
PO000980,2024-11-22,S015,P0089,713,713,11.37,2024-12-14,On Time
PO000863,2024-11-23,S013,P0080,1012,1012,27.93,2024-12-05,On Time
PO000962,2024-11-24,S009,P0088,317,317,53.17,2024-12-06,Late
PO000763,2024-11-24,S003,P0070,116,116,73.64,2024-12-11,On Time
PO000935,2024-11-25,S001,P0086,619,619,25.49,2024-12-27,On Time
PO000503,2024-11-25,S009,P0049,193,140,31.87,2024-12-04,Partial
PO000126,2024-11-25,S008,P0012,527,527,25.05,2024-12-16,On Time
PO000065,2024-11-26,S001,P0006,306,306,45.54,2024-12-19,On Time
PO000826,2024-11-26,S014,P0078,245,245,29.2,2025-01-19,Late
PO001044,2024-11-28,S010,P0095,551,551,26.14,2024-12-25,On Time
PO001071,2024-11-29,S005,P0099,299,227,56.9,2024-12-15,Partial
PO001052,2024-11-30,S007,P0096,86,86,76.58,2024-12-07,On Time
PO000492,2024-12-01,S007,P0048,497,497,75.92,2024-12-08,On Time
PO000841,2024-12-01,S010,P0079,1063,1063,9.36,2024-12-24,On Time
PO000701,2024-12-01,S003,P0064,1092,471,23.2,2024-12-18,Partial
PO000780,2024-12-04,S010,P0072,406,406,76.52,2025-01-21,Late
PO000534,2024-12-05,S007,P0051,524,524,40.67,2024-12-10,On Time
PO000904,2024-12-05,S007,P0082,94,94,48.31,2024-12-11,On Time
PO000558,2024-12-07,S013,P0052,675,675,62.14,2024-12-21,On Time
PO000066,2024-12-08,S015,P0006,251,251,42.03,2024-12-21,On Time
PO000683,2024-12-08,S003,P0063,702,702,52.77,2024-12-25,On Time
PO000034,2024-12-12,S012,P0003,402,402,50.4,2025-01-08,On Time
PO000665,2024-12-12,S010,P0062,375,278,13.17,2025-01-17,Partial
PO000429,2024-12-14,S001,P0044,365,365,21.95,2025-01-03,On Time
PO000189,2024-12-14,S004,P0019,341,341,60.06,2025-01-12,On Time
PO000275,2024-12-16,S006,P0027,207,207,56.29,2024-12-24,On Time
PO001029,2024-12-16,S001,P0093,409,409,37.94,2025-01-24,Late
PO000646,2024-12-16,S003,P0060,490,327,44.32,2025-01-06,Partial
PO000308,2024-12-17,S012,P0031,478,478,16.82,2025-01-05,On Time
PO000385,2024-12-17,S014,P0038,189,189,55.01,2025-01-04,On Time
PO000751,2024-12-19,S013,P0069,564,564,41.38,2025-01-02,On Time
PO000936,2024-12-19,S005,P0086,1026,587,22.27,2025-01-14,Partial
PO000535,2024-12-20,S007,P0051,851,371,44.28,2024-12-30,Partial
PO001004,2024-12-20,S010,P0090,660,660,55.06,2025-02-04,Late
PO000113,2024-12-21,S013,P0011,212,135,15.84,2025-01-04,Partial
PO000266,2024-12-21,S008,P0026,224,224,72.22,2025-01-14,On Time
PO000864,2024-12-21,S015,P0080,731,731,27.11,2025-01-11,On Time
PO000372,2024-12-21,S014,P0036,188,188,5.23,2025-01-15,On Time
PO000888,2024-12-21,S010,P0081,772,653,46.6,2025-02-04,Partial
PO000201,2024-12-22,S014,P0020,558,558,65.28,2025-01-14,On Time
PO000363,2024-12-24,S011,P0035,497,497,82.75,2025-01-03,On Time
PO000412,2024-12-24,S002,P0043,467,467,13.08,2025-01-14,On Time
PO000474,2024-12-25,S013,P0047,380,380,65.26,2025-01-06,On Time
PO000584,2024-12-25,S002,P0055,498,498,45.75,2025-01-19,On Time
PO000344,2024-12-25,S012,P0034,1060,1060,23.95,2025-01-14,On Time
PO000018,2024-12-26,S013,P0002,544,544,14.48,2025-01-08,On Time
PO000104,2024-12-26,S007,P0010,227,161,10.75,2025-01-02,Partial
PO000402,2024-12-27,S012,P0041,203,203,28.87,2025-01-24,Late
PO000298,2024-12-27,S011,P0030,378,311,51.27,2025-01-17,Partial
PO000600,2024-12-27,S009,P0056,528,528,23.62,2025-01-08,Late
PO000243,2024-12-30,S004,P0024,769,426,59.94,2025-02-15,Partial
PO000981,2024-12-30,S007,P0089,468,468,12.12,2025-01-05,On Time
PO000865,2024-12-31,S013,P0080,602,602,27.24,2025-01-13,On Time
PO000715,2024-12-31,S008,P0065,464,464,65.22,2025-02-09,On Time
PO000982,2025-01-01,S014,P0089,947,947,11.4,2025-02-18,Late
PO000220,2025-01-01,S004,P0022,570,337,75.6,2025-02-13,Partial
PO000202,2025-01-01,S014,P0020,276,276,63.19,2025-02-04,On Time
PO000475,2025-01-02,S013,P0047,1134,1134,67.12,2025-01-29,Late
PO000309,2025-01-05,S012,P0031,186,186,17.02,2025-01-23,On Time
PO000430,2025-01-05,S001,P0044,418,418,21.58,2025-01-27,On Time
PO000573,2025-01-05,S004,P0053,250,250,23.61,2025-02-04,On Time
PO000666,2025-01-06,S010,P0062,927,927,12.43,2025-02-09,On Time
PO000518,2025-01-08,S005,P0050,553,553,15.0,2025-02-09,Late
PO000684,2025-01-09,S008,P0063,499,499,52.63,2025-02-05,On Time
PO000915,2025-01-10,S005,P0084,210,210,54.49,2025-02-06,Late
PO000211,2025-01-12,S015,P0021,255,255,26.39,2025-01-31,On Time
PO000398,2025-01-13,S007,P0040,199,116,29.15,2025-01-23,Partial
PO000963,2025-01-13,S009,P0088,257,257,54.98,2025-01-22,On Time
PO000413,2025-01-15,S002,P0043,557,557,12.93,2025-01-30,On Time
PO000448,2025-01-16,S008,P0045,590,590,20.73,2025-02-15,On Time
PO000228,2025-01-16,S004,P0023,93,93,46.94,2025-02-20,On Time
PO000889,2025-01-16,S010,P0081,937,937,49.01,2025-03-03,Late
PO000842,2025-01-16,S010,P0079,735,735,9.28,2025-02-08,On Time
PO001019,2025-01-17,S014,P0091,108,108,45.98,2025-02-09,On Time
PO000276,2025-01-18,S003,P0027,453,453,47.97,2025-02-04,On Time
PO000345,2025-01-18,S012,P0034,790,790,23.03,2025-02-07,On Time
PO001072,2025-01-19,S013,P0099,445,445,57.35,2025-02-01,On Time
PO000142,2025-01-21,S014,P0013,571,571,5.12,2025-02-15,On Time
PO000795,2025-01-21,S009,P0073,518,518,35.64,2025-01-31,On Time
PO001053,2025-01-21,S002,P0096,256,152,76.27,2025-02-28,Partial
PO000601,2025-01-22,S009,P0056,775,775,24.36,2025-01-27,On Time
PO000105,2025-01-22,S001,P0010,201,201,10.85,2025-02-13,On Time
PO000702,2025-01-22,S003,P0064,580,235,21.79,2025-02-11,Partial
PO000127,2025-01-22,S008,P0012,747,747,25.37,2025-02-22,On Time
PO000290,2025-01-23,S014,P0029,154,154,11.41,2025-02-19,On Time
PO000005,2025-01-23,S014,P0001,339,339,30.85,2025-03-19,Late
PO000392,2025-01-23,S009,P0039,210,107,37.81,2025-02-08,Partial
PO000805,2025-01-24,S004,P0074,440,440,37.23,2025-03-12,Late
PO000735,2025-01-25,S012,P0068,420,420,5.64,2025-02-17,On Time
PO000726,2025-01-26,S005,P0067,242,242,35.4,2025-02-09,On Time
PO000559,2025-01-26,S013,P0052,783,783,65.87,2025-02-07,On Time
PO000504,2025-01-26,S009,P0049,525,251,30.46,2025-02-07,Partial
PO000173,2025-01-26,S012,P0017,140,140,16.49,2025-02-11,On Time
PO000260,2025-01-27,S015,P0025,478,478,37.34,2025-02-08,On Time
PO000054,2025-01-27,S010,P0005,390,390,25.85,2025-02-23,On Time
PO000364,2025-01-28,S003,P0035,321,151,74.14,2025-02-15,Partial
PO000190,2025-01-29,S004,P0019,285,160,59.77,2025-03-10,Partial
PO000615,2025-01-29,S014,P0057,264,120,70.08,2025-02-28,Partial
PO000721,2025-01-29,S006,P0066,276,276,5.37,2025-02-11,On Time
PO000093,2025-01-30,S014,P0009,430,430,3.77,2025-03-05,Late
PO000752,2025-01-30,S013,P0069,1060,1060,40.74,2025-02-23,Late
PO001045,2025-01-30,S010,P0095,483,483,25.33,2025-03-10,Late
PO000536,2025-01-31,S007,P0051,1027,520,41.79,2025-02-09,Partial
PO001005,2025-01-31,S013,P0090,714,714,58.77,2025-02-11,On Time
PO000505,2025-02-01,S009,P0049,444,217,33.05,2025-02-16,Partial
PO000244,2025-02-02,S008,P0024,1084,1084,57.1,2025-03-05,On Time
PO000165,2025-02-02,S011,P0016,359,359,77.27,2025-02-14,On Time
PO000781,2025-02-03,S010,P0072,628,628,71.5,2025-02-24,On Time
PO000067,2025-02-03,S015,P0006,463,463,42.54,2025-02-24,On Time
PO001006,2025-02-04,S009,P0090,658,658,57.56,2025-02-14,On Time
PO000346,2025-02-04,S012,P0034,1006,1006,22.88,2025-03-03,On Time
PO000585,2025-02-05,S007,P0055,342,244,49.54,2025-02-14,Partial
PO000458,2025-02-05,S007,P0046,340,340,18.5,2025-02-20,Late
PO000920,2025-02-07,S011,P0085,249,249,31.24,2025-02-21,On Time
PO000937,2025-02-07,S005,P0086,689,689,21.89,2025-02-19,On Time
PO000019,2025-02-07,S013,P0002,592,592,13.97,2025-02-20,On Time
PO000143,2025-02-08,S003,P0013,586,586,5.41,2025-02-28,On Time
PO000431,2025-02-08,S014,P0044,945,945,19.17,2025-03-03,On Time
PO000983,2025-02-09,S014,P0089,774,774,11.31,2025-03-05,On Time
PO000602,2025-02-12,S009,P0056,495,495,23.52,2025-02-18,On Time
PO000180,2025-02-12,S011,P0018,85,85,19.11,2025-02-28,On Time
PO000328,2025-02-13,S010,P0033,369,369,51.96,2025-03-09,On Time
PO000403,2025-02-14,S004,P0041,241,241,28.73,2025-03-09,On Time
PO000890,2025-02-15,S010,P0081,578,578,48.7,2025-03-09,On Time
PO000716,2025-02-15,S008,P0065,253,253,64.47,2025-03-24,On Time
PO000128,2025-02-15,S008,P0012,560,560,26.11,2025-04-20,Late
PO000560,2025-02-17,S013,P0052,603,603,64.67,2025-03-07,Late
PO001024,2025-02-17,S002,P0092,128,128,22.19,2025-03-06,On Time
PO001037,2025-02-19,S004,P0094,197,197,32.86,2025-04-11,Late
PO000493,2025-02-19,S001,P0048,411,411,75.71,2025-03-18,On Time
PO000843,2025-02-19,S010,P0079,774,774,9.39,2025-03-19,On Time
PO000379,2025-02-19,S011,P0037,84,84,43.05,2025-03-06,On Time
PO000633,2025-02-19,S015,P0059,281,281,43.04,2025-03-17,Late
PO000476,2025-02-20,S013,P0047,1081,687,67.83,2025-03-14,Partial
PO000647,2025-02-20,S003,P0060,545,545,42.99,2025-03-12,Late
PO000667,2025-02-21,S005,P0062,838,838,12.62,2025-03-07,On Time
PO000953,2025-02-21,S002,P0087,238,238,50.0,2025-03-21,On Time
PO000291,2025-02-22,S014,P0029,99,99,11.79,2025-03-20,On Time
PO001030,2025-02-23,S010,P0093,231,231,33.59,2025-04-14,Late
PO000081,2025-02-24,S002,P0008,462,462,6.36,2025-03-20,On Time
PO000261,2025-02-25,S015,P0025,528,528,37.26,2025-03-15,On Time
PO001080,2025-02-26,S005,P0100,267,267,68.98,2025-03-11,On Time
PO000938,2025-02-27,S005,P0086,398,254,22.38,2025-03-18,Partial
PO000045,2025-02-28,S013,P0004,365,255,53.18,2025-03-19,Partial
PO000035,2025-02-28,S012,P0003,242,242,51.71,2025-03-19,On Time
PO000736,2025-03-01,S014,P0068,490,490,4.97,2025-03-24,On Time
PO000432,2025-03-02,S001,P0044,937,937,21.67,2025-04-13,Late
PO000866,2025-03-03,S015,P0080,498,498,28.67,2025-03-27,On Time
PO000984,2025-03-03,S007,P0089,922,922,12.2,2025-03-10,On Time
PO000151,2025-03-04,S007,P0014,210,210,28.42,2025-03-08,On Time
PO000277,2025-03-04,S007,P0027,433,433,52.02,2025-03-15,Late
PO001057,2025-03-06,S007,P0097,152,152,57.82,2025-03-14,On Time
PO000561,2025-03-06,S013,P0052,1124,1124,61.48,2025-03-30,Late
PO000181,2025-03-08,S011,P0018,108,108,19.05,2025-04-03,Late
PO000055,2025-03-09,S002,P0005,412,412,26.41,2025-03-29,On Time
PO000685,2025-03-09,S003,P0063,1071,1071,56.71,2025-03-28,On Time
PO001007,2025-03-10,S009,P0090,989,989,58.02,2025-03-25,Late
PO000373,2025-03-10,S014,P0036,81,81,5.41,2025-04-08,On Time
PO000813,2025-03-11,S006,P0075,134,134,15.56,2025-04-06,Late
PO000905,2025-03-11,S007,P0082,225,225,47.46,2025-03-22,Late
PO000245,2025-03-11,S008,P0024,539,539,56.36,2025-04-07,On Time
PO000753,2025-03-11,S013,P0069,592,592,40.54,2025-03-25,On Time
PO000939,2025-03-12,S001,P0086,512,512,24.08,2025-04-06,On Time
PO000586,2025-03-12,S007,P0055,360,360,50.75,2025-03-18,On Time
PO000844,2025-03-12,S010,P0079,974,600,9.24,2025-04-26,Partial
PO000782,2025-03-14,S010,P0072,491,491,70.17,2025-04-15,On Time
PO000806,2025-03-14,S004,P0074,417,417,38.01,2025-04-20,On Time
PO000867,2025-03-14,S013,P0080,704,704,28.75,2025-03-27,On Time
PO000623,2025-03-14,S006,P0058,505,305,62.76,2025-03-28,Partial
PO000191,2025-03-14,S004,P0019,449,449,62.74,2025-04-04,On Time
PO000414,2025-03-16,S002,P0043,405,405,13.09,2025-04-18,Late
PO000891,2025-03-17,S010,P0081,599,599,49.0,2025-04-10,On Time
PO000703,2025-03-17,S003,P0064,866,866,23.06,2025-03-29,On Time
PO000347,2025-03-18,S012,P0034,781,781,24.22,2025-04-15,Late
PO000537,2025-03-19,S007,P0051,817,817,41.01,2025-03-31,Late
PO000094,2025-03-21,S004,P0009,376,176,4.2,2025-05-01,Partial
PO000817,2025-03-22,S011,P0076,275,182,17.39,2025-04-10,Partial
PO000082,2025-03-22,S014,P0008,219,219,5.99,2025-04-17,On Time
PO000477,2025-03-23,S013,P0047,855,855,66.55,2025-04-05,On Time
PO001073,2025-03-23,S013,P0099,206,206,54.67,2025-04-14,Late
PO000319,2025-03-25,S005,P0032,437,437,27.88,2025-04-11,On Time
PO000519,2025-03-25,S005,P0050,588,417,14.06,2025-04-11,Partial
PO000737,2025-03-26,S012,P0068,526,526,5.46,2025-04-15,On Time
PO001062,2025-03-27,S009,P0098,115,115,38.68,2025-04-05,On Time
PO000299,2025-03-28,S011,P0030,311,181,53.71,2025-04-17,Partial
PO000246,2025-03-28,S004,P0024,664,664,60.03,2025-04-24,On Time
PO000329,2025-03-31,S010,P0033,227,227,51.65,2025-04-27,On Time
PO000634,2025-03-31,S005,P0059,388,388,45.62,2025-04-14,On Time
PO000985,2025-04-01,S014,P0089,932,932,11.77,2025-04-25,On Time
PO000020,2025-04-01,S013,P0002,580,580,13.87,2025-04-15,On Time
PO000320,2025-04-01,S005,P0032,292,292,27.15,2025-04-16,On Time
PO000624,2025-04-03,S009,P0058,442,183,59.71,2025-04-13,Partial
PO000769,2025-04-04,S002,P0071,261,261,33.07,2025-04-26,On Time
PO000964,2025-04-04,S009,P0088,393,159,57.14,2025-04-16,Partial
PO001031,2025-04-05,S010,P0093,566,566,33.78,2025-04-27,On Time
PO000129,2025-04-05,S008,P0012,618,618,26.74,2025-05-12,On Time
PO000648,2025-04-06,S003,P0060,336,336,45.02,2025-04-20,On Time
PO000106,2025-04-06,S007,P0010,258,153,11.31,2025-04-17,Partial
PO000603,2025-04-07,S009,P0056,1022,1022,24.61,2025-04-18,Late
PO000433,2025-04-07,S001,P0044,730,730,20.64,2025-04-29,On Time
PO000166,2025-04-08,S011,P0016,518,437,73.78,2025-04-24,Partial
PO000449,2025-04-08,S008,P0045,368,368,20.9,2025-05-06,On Time
PO000203,2025-04-10,S014,P0020,391,391,64.41,2025-05-01,On Time
PO000764,2025-04-11,S003,P0070,263,263,74.94,2025-04-18,On Time
PO000478,2025-04-12,S011,P0047,743,743,75.06,2025-04-30,Late
PO000393,2025-04-13,S009,P0039,269,269,41.1,2025-04-21,On Time
PO000814,2025-04-14,S006,P0075,203,203,16.39,2025-04-25,On Time
PO000827,2025-04-14,S003,P0078,222,126,29.82,2025-05-09,Partial
PO000892,2025-04-14,S010,P0081,958,958,48.42,2025-05-28,Late
PO000174,2025-04-15,S012,P0017,147,147,16.83,2025-05-05,On Time
PO000348,2025-04-15,S002,P0034,1124,1124,22.18,2025-05-12,On Time
PO000386,2025-04-16,S014,P0038,243,165,58.65,2025-05-17,Partial
PO001008,2025-04-17,S009,P0090,597,269,57.46,2025-05-01,Partial
PO000056,2025-04-17,S010,P0005,471,471,23.82,2025-05-10,On Time
PO000221,2025-04-17,S004,P0022,564,564,69.99,2025-05-12,On Time
PO000538,2025-04-18,S007,P0051,806,365,43.61,2025-04-25,Partial
PO000267,2025-04-19,S008,P0026,114,114,73.45,2025-05-14,On Time
PO000562,2025-04-19,S013,P0052,1186,1186,61.57,2025-05-10,Late
PO000074,2025-04-20,S009,P0007,186,186,48.69,2025-04-29,On Time
PO000686,2025-04-20,S008,P0063,1056,1056,56.61,2025-06-22,Late
PO000310,2025-04-21,S012,P0031,521,521,16.49,2025-05-11,On Time
PO000157,2025-04-21,S009,P0015,139,94,33.42,2025-05-04,Partial
PO000704,2025-04-21,S003,P0064,417,207,21.46,2025-05-06,Partial
PO000940,2025-04-22,S004,P0086,1162,1162,23.8,2025-05-24,On Time
PO000450,2025-04-24,S008,P0045,509,509,19.95,2025-05-22,On Time
PO000893,2025-04-24,S010,P0081,861,673,48.25,2025-06-01,Partial
PO000845,2025-04-24,S010,P0079,485,485,9.24,2025-05-26,On Time
PO000494,2025-04-24,S001,P0048,230,230,78.01,2025-05-18,On Time
PO000783,2025-04-25,S010,P0072,542,542,75.88,2025-05-21,On Time
PO000144,2025-04-27,S003,P0013,445,445,5.43,2025-05-14,On Time
PO000036,2025-04-27,S012,P0003,515,515,49.87,2025-05-18,On Time
PO000434,2025-04-27,S014,P0044,1094,1094,18.52,2025-06-07,Late
PO000021,2025-04-28,S013,P0002,1008,1008,13.73,2025-05-09,On Time
PO000095,2025-04-29,S014,P0009,193,193,3.61,2025-05-26,On Time
PO000668,2025-04-29,S005,P0062,546,546,13.06,2025-05-31,Late
PO000006,2025-04-29,S014,P0001,412,412,31.17,2025-05-18,On Time
PO000247,2025-04-29,S008,P0024,681,569,58.32,2025-06-18,Partial
PO000655,2025-04-29,S013,P0061,186,186,8.04,2025-05-11,On Time
PO000754,2025-04-30,S013,P0069,728,728,43.12,2025-05-24,Late
PO000399,2025-05-01,S008,P0040,204,204,27.36,2025-06-10,On Time
PO000705,2025-05-02,S003,P0064,636,636,21.57,2025-05-16,On Time
PO001074,2025-05-02,S013,P0099,429,429,55.49,2025-05-18,On Time
PO000075,2025-05-04,S005,P0007,254,254,48.23,2025-05-21,On Time
PO000130,2025-05-06,S008,P0012,633,633,27.03,2025-06-05,On Time
PO000278,2025-05-06,S007,P0027,468,468,53.41,2025-05-16,Late
PO000868,2025-05-06,S015,P0080,767,767,29.07,2025-05-25,On Time
PO000669,2025-05-07,S005,P0062,994,994,13.03,2025-05-21,On Time
PO001054,2025-05-07,S002,P0096,199,199,74.37,2025-06-05,On Time
PO000635,2025-05-08,S005,P0059,385,385,42.69,2025-05-22,On Time
PO000821,2025-05-08,S001,P0077,92,92,54.52,2025-05-27,On Time
PO000846,2025-05-09,S010,P0079,1167,673,9.82,2025-06-04,Partial
PO000717,2025-05-09,S008,P0065,205,205,60.72,2025-06-12,On Time
PO000649,2025-05-09,S003,P0060,241,182,45.51,2025-06-04,Partial
PO000574,2025-05-10,S011,P0053,115,115,23.68,2025-05-21,On Time
PO000459,2025-05-10,S007,P0046,475,336,18.35,2025-05-19,Partial
PO000796,2025-05-10,S009,P0073,194,194,36.48,2025-05-29,Late
PO000539,2025-05-10,S007,P0051,757,757,40.8,2025-05-16,On Time
PO000349,2025-05-12,S002,P0034,1083,1083,23.16,2025-06-02,On Time
PO001046,2025-05-14,S001,P0095,519,519,29.54,2025-06-03,On Time
PO000365,2025-05-15,S003,P0035,517,346,75.8,2025-06-05,Partial
PO000577,2025-05-15,S008,P0054,155,155,67.83,2025-06-12,On Time
PO000869,2025-05-15,S013,P0080,791,791,29.12,2025-05-30,On Time
PO000911,2025-05-15,S008,P0083,84,84,75.56,2025-06-12,On Time
PO000374,2025-05-16,S005,P0036,228,228,5.07,2025-05-31,On Time
PO000563,2025-05-16,S013,P0052,763,763,62.01,2025-05-26,On Time
PO000755,2025-05-17,S013,P0069,1057,1057,43.48,2025-05-27,On Time
PO001009,2025-05-18,S010,P0090,431,204,55.97,2025-06-20,Partial
PO000068,2025-05-19,S008,P0006,188,188,43.39,2025-07-20,Late
PO000506,2025-05-19,S009,P0049,439,439,32.41,2025-05-27,On Time
PO000114,2025-05-19,S015,P0011,201,83,14.86,2025-06-17,Partial
PO000965,2025-05-19,S009,P0088,298,298,56.97,2025-05-28,On Time
PO000479,2025-05-20,S011,P0047,1119,1119,72.08,2025-05-31,On Time
PO000986,2025-05-20,S014,P0089,755,755,10.96,2025-06-19,On Time
PO000407,2025-05-21,S013,P0042,197,197,15.14,2025-06-04,On Time
PO000192,2025-05-22,S004,P0019,475,475,57.72,2025-06-15,On Time
PO000604,2025-05-23,S009,P0056,916,617,25.82,2025-06-05,Partial
PO000564,2025-05-24,S013,P0052,542,542,62.05,2025-06-03,On Time
PO000807,2025-05-24,S013,P0074,553,553,32.51,2025-06-05,On Time
PO000941,2025-05-25,S005,P0086,629,629,24.05,2025-06-10,On Time
PO000738,2025-05-26,S012,P0068,289,289,5.32,2025-06-22,On Time
PO000285,2025-05-26,S006,P0028,228,228,19.65,2025-06-06,On Time
PO000022,2025-05-28,S013,P0002,903,903,14.37,2025-06-10,On Time
PO000906,2025-05-28,S013,P0082,103,103,43.14,2025-06-10,On Time
PO000942,2025-05-29,S004,P0086,420,420,24.14,2025-06-26,On Time
PO000158,2025-05-29,S009,P0015,236,102,33.2,2025-06-13,Partial
PO000784,2025-05-30,S010,P0072,353,260,74.48,2025-07-13,Partial
PO000507,2025-06-02,S011,P0049,523,523,32.77,2025-06-16,On Time
PO000687,2025-06-03,S008,P0063,841,712,54.25,2025-07-29,Partial
PO000330,2025-06-03,S011,P0033,189,136,58.46,2025-06-18,Partial
PO000520,2025-06-03,S013,P0050,510,510,15.03,2025-06-18,On Time
PO000204,2025-06-06,S014,P0020,284,284,61.41,2025-07-02,On Time
PO000605,2025-06-06,S009,P0056,459,308,24.29,2025-06-19,Partial
PO000248,2025-06-07,S004,P0024,480,355,59.32,2025-07-12,Partial
PO000435,2025-06-07,S014,P0044,679,532,19.49,2025-07-17,Partial
PO000894,2025-06-07,S010,P0081,499,499,47.27,2025-07-03,On Time
PO000706,2025-06-12,S003,P0064,879,412,21.88,2025-07-04,Partial
PO000987,2025-06-12,S014,P0089,384,384,11.12,2025-07-19,Late
PO000670,2025-06-13,S010,P0062,1071,1071,13.56,2025-08-04,Late
PO001063,2025-06-13,S009,P0098,188,188,37.25,2025-06-23,On Time
PO000616,2025-06-14,S010,P0057,284,236,67.48,2025-07-25,Partial
PO000350,2025-06-16,S002,P0034,879,879,23.21,2025-07-12,On Time
PO000480,2025-06-16,S013,P0047,706,706,70.26,2025-07-05,Late
PO001038,2025-06-17,S004,P0094,132,87,31.85,2025-07-20,Partial
PO000107,2025-06-17,S001,P0010,215,215,10.54,2025-07-08,On Time
PO000292,2025-06-18,S014,P0029,185,124,11.59,2025-07-22,Partial
PO000300,2025-06-18,S011,P0030,347,347,53.94,2025-07-02,On Time
PO000262,2025-06-19,S015,P0025,356,356,35.78,2025-07-14,On Time
PO000650,2025-06-20,S003,P0060,535,535,45.31,2025-07-04,On Time
PO000565,2025-06-21,S013,P0052,1021,1021,64.52,2025-07-13,Late
PO000222,2025-06-22,S004,P0022,241,171,75.29,2025-07-29,Partial
PO000895,2025-06-22,S010,P0081,1000,1000,45.53,2025-07-14,On Time
PO000436,2025-06-23,S014,P0044,416,273,18.55,2025-07-26,Partial
PO000131,2025-06-23,S008,P0012,837,837,26.94,2025-07-24,On Time
PO000966,2025-06-24,S009,P0088,570,570,57.55,2025-07-01,On Time
PO000921,2025-06-25,S011,P0085,98,62,33.33,2025-07-18,Partial
PO000249,2025-06-25,S004,P0024,883,883,59.76,2025-08-23,Late
PO000521,2025-06-26,S005,P0050,362,362,14.05,2025-07-28,Late
PO000069,2025-06-26,S001,P0006,389,281,46.1,2025-07-28,Partial
PO000229,2025-06-26,S004,P0023,140,140,48.97,2025-07-27,On Time
PO000057,2025-06-27,S002,P0005,265,265,26.44,2025-07-20,On Time
PO000311,2025-06-27,S012,P0031,382,382,15.73,2025-07-17,On Time
PO000046,2025-06-27,S013,P0004,381,381,54.87,2025-07-07,On Time
PO000688,2025-06-27,S003,P0063,787,591,55.68,2025-07-20,Partial
PO000037,2025-06-27,S012,P0003,408,408,50.63,2025-07-15,On Time
PO000023,2025-06-27,S013,P0002,1077,1077,14.37,2025-07-10,On Time
PO000587,2025-06-30,S007,P0055,516,516,47.11,2025-07-09,Late
PO000540,2025-06-30,S007,P0051,814,814,44.11,2025-07-07,On Time
PO000847,2025-06-30,S010,P0079,511,511,9.03,2025-07-25,On Time
PO000145,2025-07-01,S003,P0013,415,415,5.12,2025-07-17,On Time
PO000606,2025-07-01,S009,P0056,623,479,25.06,2025-07-14,Partial
PO000848,2025-07-02,S010,P0079,754,754,9.86,2025-07-28,On Time
PO000481,2025-07-02,S013,P0047,1160,750,67.87,2025-07-22,Partial
PO000916,2025-07-04,S005,P0084,109,74,51.4,2025-07-30,Partial
PO000351,2025-07-04,S012,P0034,401,401,23.55,2025-07-19,On Time
PO000083,2025-07-04,S002,P0008,449,449,6.86,2025-08-16,Late
PO000096,2025-07-04,S014,P0009,382,382,3.74,2025-07-22,On Time
PO000212,2025-07-05,S015,P0021,223,223,24.59,2025-08-13,Late
PO001020,2025-07-08,S014,P0091,131,131,41.79,2025-07-31,On Time
PO000870,2025-07-08,S013,P0080,610,410,26.59,2025-07-25,Partial
PO000943,2025-07-09,S005,P0086,877,877,23.35,2025-07-25,On Time
PO000175,2025-07-10,S012,P0017,234,143,16.83,2025-08-07,Partial
PO000366,2025-07-11,S015,P0035,464,464,75.73,2025-07-28,On Time
PO000132,2025-07-13,S008,P0012,814,814,24.79,2025-08-26,Late
PO000415,2025-07-15,S002,P0043,321,321,14.18,2025-08-08,On Time
PO000115,2025-07-16,S013,P0011,184,184,15.62,2025-07-26,On Time
PO001010,2025-07-16,S010,P0090,790,790,55.15,2025-08-16,On Time
PO000785,2025-07-16,S010,P0072,1017,604,75.06,2025-08-12,Partial
PO000756,2025-07-16,S013,P0069,619,619,43.46,2025-07-28,On Time
PO000279,2025-07-17,S007,P0027,547,547,50.85,2025-07-30,Late
PO000152,2025-07-17,S011,P0014,155,155,29.58,2025-07-31,On Time
PO000566,2025-07-17,S013,P0052,1096,1096,61.97,2025-07-30,On Time
PO000167,2025-07-17,S011,P0016,555,555,77.95,2025-07-30,On Time
PO001047,2025-07-19,S002,P0095,457,457,27.44,2025-08-14,On Time
PO000038,2025-07-19,S012,P0003,380,380,51.07,2025-08-05,On Time
PO000988,2025-07-19,S014,P0089,1155,938,10.99,2025-08-31,Partial
PO000739,2025-07-21,S014,P0068,561,561,5.0,2025-08-21,On Time
PO000495,2025-07-21,S001,P0048,380,380,75.64,2025-08-14,On Time
PO000808,2025-07-22,S004,P0074,423,423,36.43,2025-08-23,On Time
PO000460,2025-07-23,S007,P0046,566,566,18.65,2025-08-05,Late
PO000625,2025-07-25,S006,P0058,586,586,65.51,2025-08-04,On Time
PO001075,2025-07-27,S005,P0099,486,486,55.26,2025-08-12,On Time
PO000797,2025-07-27,S009,P0073,202,202,36.23,2025-08-15,Late
PO000437,2025-07-28,S014,P0044,463,463,19.67,2025-08-25,On Time
PO000896,2025-07-29,S010,P0081,1023,1023,45.25,2025-09-10,Late
PO000871,2025-07-30,S013,P0080,482,482,28.78,2025-08-19,Late
PO000954,2025-07-30,S002,P0087,144,144,48.5,2025-08-22,On Time
PO000482,2025-07-30,S013,P0047,1180,1180,68.53,2025-08-16,On Time
PO000822,2025-07-31,S001,P0077,241,241,53.95,2025-08-26,On Time
PO000617,2025-08-01,S013,P0057,506,264,70.19,2025-08-21,Partial
PO000193,2025-08-01,S004,P0019,446,373,61.71,2025-09-17,Partial
PO000989,2025-08-01,S014,P0089,728,728,11.36,2025-08-27,On Time
PO000636,2025-08-03,S005,P0059,474,474,46.24,2025-08-22,Late
PO000727,2025-08-05,S009,P0067,215,215,37.63,2025-08-13,On Time
PO000047,2025-08-05,S013,P0004,263,263,55.77,2025-08-18,On Time
PO000250,2025-08-06,S004,P0024,762,762,59.44,2025-09-09,On Time
PO001025,2025-08-08,S009,P0092,87,87,23.2,2025-08-17,On Time
PO000280,2025-08-09,S007,P0027,340,159,51.81,2025-08-21,Partial
PO000588,2025-08-09,S007,P0055,209,209,47.98,2025-08-19,Late
PO000849,2025-08-11,S010,P0079,1037,1037,9.32,2025-09-04,On Time
PO000182,2025-08-12,S011,P0018,175,175,18.18,2025-08-23,On Time
PO000917,2025-08-12,S005,P0084,249,249,54.37,2025-08-27,On Time
PO000007,2025-08-12,S014,P0001,336,336,29.86,2025-09-22,Late
PO001048,2025-08-12,S010,P0095,277,277,25.23,2025-09-07,On Time
PO000541,2025-08-13,S007,P0051,1140,1140,44.03,2025-08-20,On Time
PO000024,2025-08-13,S013,P0002,571,571,14.81,2025-08-26,On Time
PO000352,2025-08-13,S002,P0034,733,733,23.31,2025-09-10,On Time
PO000508,2025-08-14,S011,P0049,577,577,32.58,2025-08-27,On Time
PO000567,2025-08-14,S013,P0052,1027,602,66.33,2025-09-05,Partial
PO000451,2025-08-16,S008,P0045,535,535,21.17,2025-09-05,On Time
PO000757,2025-08-16,S013,P0069,856,613,40.04,2025-09-06,Partial
PO000380,2025-08-17,S011,P0037,134,134,45.18,2025-09-04,Late
PO000944,2025-08-17,S001,P0086,596,596,24.91,2025-09-28,Late
PO000578,2025-08-17,S008,P0054,240,240,71.56,2025-09-15,On Time
PO001011,2025-08-18,S009,P0090,661,517,61.12,2025-08-31,Partial
PO000097,2025-08-19,S014,P0009,497,407,3.93,2025-10-03,Partial
PO000301,2025-08-20,S011,P0030,420,420,52.91,2025-08-30,On Time
PO000707,2025-08-20,S003,P0064,1024,547,22.63,2025-09-06,Partial
PO000718,2025-08-20,S005,P0065,407,407,60.22,2025-09-05,On Time
PO001081,2025-08-22,S005,P0100,144,144,74.22,2025-09-03,On Time
PO000945,2025-08-23,S005,P0086,1119,1119,22.68,2025-09-14,Late
PO000251,2025-08-23,S004,P0024,615,615,58.64,2025-09-17,On Time
PO000438,2025-08-24,S001,P0044,969,969,20.5,2025-09-12,On Time
PO000312,2025-08-25,S012,P0031,579,291,15.55,2025-09-26,Partial
PO000786,2025-08-25,S010,P0072,1035,539,70.09,2025-09-22,Partial
PO001076,2025-08-27,S013,P0099,413,413,56.74,2025-09-17,Late
PO000205,2025-08-27,S006,P0020,566,309,70.65,2025-09-11,Partial
PO000394,2025-08-27,S009,P0039,279,279,40.8,2025-09-05,On Time
PO000223,2025-08-28,S004,P0022,551,551,74.61,2025-09-26,On Time
PO000770,2025-08-29,S008,P0071,244,244,32.05,2025-10-03,On Time
PO000689,2025-08-29,S008,P0063,961,961,52.37,2025-10-17,Late
PO000542,2025-08-29,S007,P0051,1136,647,40.78,2025-09-06,Partial
PO000671,2025-08-29,S010,P0062,366,366,12.67,2025-09-28,On Time
PO000607,2025-08-30,S009,P0056,672,291,24.87,2025-09-11,Partial
PO000897,2025-08-31,S010,P0081,546,546,47.93,2025-09-26,On Time
PO000133,2025-09-02,S008,P0012,899,899,25.68,2025-09-30,On Time
PO000809,2025-09-04,S004,P0074,402,402,37.11,2025-09-29,On Time
PO000828,2025-09-04,S014,P0078,177,177,28.22,2025-09-28,On Time
PO000387,2025-09-05,S001,P0038,121,121,63.15,2025-10-12,Late
PO000367,2025-09-05,S003,P0035,512,512,76.95,2025-09-22,On Time
PO000483,2025-09-06,S013,P0047,497,398,71.17,2025-09-22,Partial
PO000070,2025-09-06,S008,P0006,457,457,41.04,2025-10-05,On Time
PO000404,2025-09-07,S004,P0041,204,204,29.6,2025-10-03,On Time
PO000967,2025-09-08,S009,P0088,576,475,53.96,2025-09-17,Partial
PO000194,2025-09-08,S004,P0019,589,275,59.92,2025-10-16,Partial
PO000815,2025-09-08,S006,P0075,149,149,16.5,2025-09-30,Late
PO000416,2025-09-08,S002,P0043,412,412,13.52,2025-10-02,On Time
PO000025,2025-09-09,S013,P0002,1059,813,13.96,2025-09-24,Partial
PO000400,2025-09-10,S008,P0040,110,110,26.64,2025-10-19,On Time
PO000708,2025-09-10,S003,P0064,1199,632,22.5,2025-09-27,Partial
PO001032,2025-09-11,S001,P0093,555,555,38.07,2025-10-01,On Time
PO000990,2025-09-11,S015,P0089,690,690,11.41,2025-09-27,On Time
PO000263,2025-09-13,S012,P0025,223,223,39.93,2025-10-01,On Time
PO000321,2025-09-14,S005,P0032,181,181,28.09,2025-10-01,On Time
PO000522,2025-09-15,S013,P0050,330,330,15.11,2025-10-04,Late
PO000058,2025-09-15,S002,P0005,227,227,26.13,2025-10-12,On Time
PO000134,2025-09-16,S008,P0012,946,946,27.11,2025-10-27,On Time
PO000898,2025-09-16,S010,P0081,704,704,47.6,2025-10-12,On Time
PO000224,2025-09-16,S004,P0022,596,596,73.56,2025-11-05,Late
PO000672,2025-09-17,S005,P0062,453,453,13.69,2025-10-03,On Time
PO000153,2025-09-17,S007,P0014,88,88,29.77,2025-09-25,On Time
PO000116,2025-09-18,S015,P0011,127,57,15.3,2025-10-18,Partial
PO000331,2025-09-18,S011,P0033,385,385,57.06,2025-09-29,On Time
PO000765,2025-09-18,S003,P0070,114,114,73.04,2025-10-16,Late
PO000452,2025-09-18,S008,P0045,539,539,21.27,2025-10-19,On Time
PO000252,2025-09-19,S004,P0024,691,691,59.69,2025-10-24,On Time
PO001012,2025-09-20,S013,P0090,653,351,57.23,2025-10-12,Partial
PO000872,2025-09-21,S015,P0080,1155,1155,27.77,2025-10-15,On Time
PO000568,2025-09-21,S013,P0052,515,515,64.26,2025-10-03,On Time
PO000740,2025-09-21,S012,P0068,499,499,5.56,2025-10-13,On Time
PO000651,2025-09-22,S003,P0060,522,522,44.31,2025-10-08,On Time
PO000084,2025-09-23,S002,P0008,181,181,6.41,2025-11-02,Late
PO000484,2025-09-24,S013,P0047,350,350,66.38,2025-10-07,On Time
PO000353,2025-09-25,S012,P0034,910,910,24.03,2025-10-20,On Time
PO000946,2025-09-27,S001,P0086,606,606,25.21,2025-10-15,On Time
PO000439,2025-09-27,S001,P0044,910,910,20.32,2025-11-05,Late
PO000608,2025-09-27,S009,P0056,809,456,24.17,2025-10-09,Partial
PO000496,2025-09-28,S007,P0048,568,568,79.29,2025-10-04,On Time
PO000381,2025-09-29,S011,P0037,210,210,41.9,2025-10-16,Late
PO000818,2025-09-30,S011,P0076,134,94,17.43,2025-10-16,Partial
PO000850,2025-09-30,S010,P0079,737,737,9.6,2025-10-25,On Time
PO000656,2025-10-01,S013,P0061,88,88,7.82,2025-10-11,On Time
PO000293,2025-10-01,S014,P0029,264,264,11.07,2025-10-26,On Time
PO000039,2025-10-01,S012,P0003,218,107,50.58,2025-11-02,Partial
PO000354,2025-10-02,S002,P0034,678,678,21.5,2025-10-24,On Time
PO000589,2025-10-02,S007,P0055,261,198,47.02,2025-10-09,Partial
PO000758,2025-10-04,S013,P0069,868,868,43.81,2025-10-17,On Time
PO000690,2025-10-04,S008,P0063,381,381,53.42,2025-11-05,On Time
PO000168,2025-10-05,S011,P0016,322,322,79.35,2025-10-18,On Time
PO000253,2025-10-07,S004,P0024,499,499,56.55,2025-11-01,On Time
PO000787,2025-10-07,S010,P0072,880,880,72.22,2025-11-06,On Time
PO000071,2025-10-07,S001,P0006,392,392,43.13,2025-10-30,On Time
PO000543,2025-10-07,S007,P0051,1013,814,41.32,2025-10-18,Partial
PO000322,2025-10-08,S005,P0032,357,357,28.25,2025-10-25,On Time
PO000206,2025-10-08,S006,P0020,276,276,70.47,2025-10-19,On Time
PO000798,2025-10-09,S009,P0073,289,289,37.84,2025-10-28,Late
PO000991,2025-10-10,S015,P0089,436,436,11.46,2025-10-24,On Time
PO000461,2025-10-11,S007,P0046,369,369,17.85,2025-10-19,On Time
PO001021,2025-10-11,S014,P0091,231,231,45.93,2025-11-18,Late
PO000922,2025-10-12,S011,P0085,170,170,32.41,2025-10-27,On Time
PO000851,2025-10-13,S010,P0079,678,678,9.63,2025-11-03,On Time
PO001077,2025-10-14,S013,P0099,498,498,54.61,2025-10-25,On Time
PO000146,2025-10-14,S003,P0013,461,332,5.43,2025-11-05,Partial
PO001013,2025-10-14,S009,P0090,397,397,59.51,2025-10-24,On Time
PO000947,2025-10-15,S004,P0086,663,433,25.19,2025-11-28,Partial
PO000637,2025-10-16,S005,P0059,487,487,46.57,2025-11-01,On Time
PO000873,2025-10-16,S013,P0080,714,714,29.14,2025-10-30,On Time
PO000281,2025-10-16,S003,P0027,247,247,51.56,2025-10-29,On Time
PO000652,2025-10-18,S003,P0060,479,359,43.34,2025-11-13,Partial
PO000440,2025-10-18,S014,P0044,1036,829,19.77,2025-11-22,Partial
PO000108,2025-10-18,S007,P0010,211,211,11.34,2025-10-24,On Time
PO000829,2025-10-18,S003,P0078,264,264,28.56,2025-11-01,On Time
PO000728,2025-10-19,S005,P0067,222,222,35.83,2025-11-03,On Time
PO000968,2025-10-20,S009,P0088,496,496,54.44,2025-10-30,On Time
PO000313,2025-10-20,S012,P0031,458,458,16.19,2025-11-07,On Time
PO000569,2025-10-20,S013,P0052,1186,605,63.02,2025-11-08,Partial
PO000609,2025-10-20,S009,P0056,716,716,24.84,2025-10-29,On Time
PO000098,2025-10-22,S014,P0009,437,437,3.77,2025-11-19,On Time
PO001064,2025-10-22,S009,P0098,246,133,38.64,2025-11-02,Partial
PO000673,2025-10-22,S010,P0062,485,485,13.37,2025-11-15,On Time
PO000264,2025-10-23,S012,P0025,311,311,40.95,2025-11-15,On Time
PO000368,2025-10-24,S003,P0035,532,532,81.49,2025-11-10,On Time
PO000912,2025-10-24,S008,P0083,122,122,71.06,2025-12-24,Late
PO000509,2025-10-24,S011,P0049,306,194,31.15,2025-11-11,Partial
PO000719,2025-10-25,S007,P0065,341,341,64.93,2025-11-01,On Time
PO000159,2025-10-26,S009,P0015,231,117,31.48,2025-11-10,Partial
PO000759,2025-10-26,S013,P0069,659,659,43.42,2025-11-07,On Time
PO000417,2025-10-27,S002,P0043,452,452,13.7,2025-11-23,On Time
PO000618,2025-10-27,S014,P0057,315,315,72.48,2025-11-25,On Time
PO000213,2025-10-27,S015,P0021,239,239,25.61,2025-12-07,Late
PO000109,2025-10-28,S001,P0010,366,366,10.51,2025-11-17,On Time
PO000523,2025-10-29,S005,P0050,434,224,14.22,2025-11-22,Partial
PO001014,2025-10-31,S013,P0090,516,516,53.57,2025-11-13,On Time
PO001049,2025-11-01,S010,P0095,362,362,26.52,2025-11-29,On Time
PO000899,2025-11-02,S010,P0081,1041,1041,49.5,2025-11-30,On Time
PO000485,2025-11-02,S011,P0047,896,533,71.88,2025-11-21,Partial
PO000852,2025-11-03,S010,P0079,509,509,9.92,2025-12-20,Late
PO000691,2025-11-03,S003,P0063,510,510,53.75,2025-11-14,On Time
PO000355,2025-11-06,S012,P0034,364,364,22.88,2025-11-24,On Time
PO001033,2025-11-06,S010,P0093,349,349,33.26,2025-11-30,On Time
PO000135,2025-11-06,S008,P0012,1122,1122,25.76,2026-01-10,Late
PO000026,2025-11-07,S013,P0002,546,546,14.71,2025-11-21,On Time
PO000230,2025-11-08,S004,P0023,199,199,46.02,2025-12-07,On Time
PO000268,2025-11-10,S008,P0026,128,128,73.66,2025-12-12,On Time
PO000788,2025-11-11,S010,P0072,1193,616,74.31,2025-12-21,Partial
PO000040,2025-11-12,S012,P0003,272,272,53.59,2025-12-04,On Time
PO000638,2025-11-13,S015,P0059,259,259,44.24,2025-12-03,On Time
PO000388,2025-11-14,S001,P0038,196,86,65.78,2025-12-22,Partial
PO000948,2025-11-14,S001,P0086,538,538,25.58,2025-12-11,On Time
PO000332,2025-11-14,S010,P0033,582,582,56.03,2025-12-12,On Time
PO000653,2025-11-15,S003,P0060,492,283,43.36,2025-11-30,Partial
PO000048,2025-11-15,S013,P0004,321,321,56.37,2025-11-26,On Time
PO000225,2025-11-15,S004,P0022,368,268,74.05,2025-12-22,Partial
PO000510,2025-11-16,S011,P0049,394,326,31.17,2025-12-04,Partial
PO000900,2025-11-16,S010,P0081,996,398,49.5,2025-12-29,Partial
PO000709,2025-11-17,S003,P0064,358,358,23.22,2025-12-01,On Time
PO000570,2025-11-18,S013,P0052,821,600,66.04,2025-12-03,Partial
PO000441,2025-11-19,S001,P0044,355,355,20.78,2025-12-11,On Time
PO000741,2025-11-19,S014,P0068,284,284,4.93,2025-12-12,On Time
PO000486,2025-11-19,S011,P0047,401,401,70.6,2025-12-04,On Time
PO000375,2025-11-19,S005,P0036,274,146,5.11,2025-12-12,Partial
PO000874,2025-11-21,S015,P0080,788,788,27.74,2025-12-08,On Time
PO000810,2025-11-23,S004,P0074,582,365,37.04,2026-01-06,Partial
PO000544,2025-11-24,S007,P0051,570,570,41.61,2025-11-30,On Time
PO000059,2025-11-24,S002,P0005,257,257,25.29,2026-01-10,Late
PO000286,2025-11-25,S006,P0028,132,132,18.92,2025-12-18,Late
PO000692,2025-11-26,S003,P0063,679,403,52.55,2025-12-18,Partial
PO000183,2025-11-26,S011,P0018,147,94,18.16,2025-12-11,Partial
PO000176,2025-11-27,S012,P0017,251,251,15.92,2025-12-19,On Time
PO000282,2025-11-27,S006,P0027,206,206,53.34,2025-12-15,Late
PO000314,2025-11-27,S012,P0031,592,592,16.56,2025-12-15,On Time
PO000453,2025-11-28,S008,P0045,492,492,20.38,2026-01-06,On Time
PO000254,2025-11-29,S004,P0024,424,424,56.57,2025-12-30,On Time
PO000099,2025-11-29,S014,P0009,521,521,3.82,2025-12-27,On Time
PO000992,2025-11-29,S014,P0089,1020,1020,10.81,2025-12-24,On Time
PO001055,2025-11-30,S007,P0096,119,119,81.41,2025-12-05,On Time
PO000722,2025-11-30,S015,P0066,187,187,4.95,2025-12-17,On Time
PO001039,2025-11-30,S004,P0094,174,70,34.42,2026-01-06,Partial
PO000853,2025-12-01,S010,P0079,967,967,9.46,2026-01-05,Late
PO000302,2025-12-04,S011,P0030,481,361,54.73,2025-12-23,Partial
PO000545,2025-12-05,S007,P0051,959,746,43.21,2025-12-14,Partial
PO000760,2025-12-06,S013,P0069,1071,1071,40.9,2025-12-19,On Time
PO000356,2025-12-06,S012,P0034,1178,679,24.17,2026-01-06,Partial
PO000524,2025-12-07,S005,P0050,400,400,14.43,2025-12-25,On Time
PO000136,2025-12-07,S008,P0012,717,717,26.72,2026-01-01,On Time
PO000255,2025-12-07,S004,P0024,856,685,61.13,2026-01-24,Partial
PO000626,2025-12-08,S009,P0058,450,258,59.85,2025-12-23,Partial
PO000487,2025-12-09,S011,P0047,434,350,70.5,2025-12-22,Partial
PO000442,2025-12-10,S001,P0044,842,842,21.1,2026-01-04,On Time
PO000590,2025-12-11,S002,P0055,385,385,47.4,2026-01-11,On Time
PO000085,2025-12-11,S002,P0008,575,575,6.89,2025-12-30,On Time
PO000710,2025-12-12,S003,P0064,476,301,21.25,2025-12-29,Partial
PO000674,2025-12-13,S005,P0062,649,649,12.79,2025-12-24,On Time
PO000008,2025-12-15,S014,P0001,548,423,29.1,2026-01-21,Partial
PO000799,2025-12-16,S009,P0073,595,271,36.98,2025-12-26,Partial
PO000207,2025-12-16,S006,P0020,279,279,73.99,2025-12-26,On Time
PO000195,2025-12-17,S004,P0019,468,468,61.76,2026-01-18,On Time
PO000497,2025-12-17,S001,P0048,418,418,76.77,2026-01-08,On Time
PO001058,2025-12-17,S007,P0097,115,115,57.19,2025-12-24,On Time
PO000369,2025-12-18,S011,P0035,289,289,81.05,2026-01-06,Late
PO000395,2025-12-19,S009,P0039,117,76,40.59,2025-12-30,Partial
PO000147,2025-12-20,S014,P0013,322,322,5.29,2026-02-06,Late
PO000969,2025-12-20,S009,P0088,315,235,52.75,2026-01-03,Partial
PO000072,2025-12-22,S001,P0006,356,356,45.37,2026-01-25,Late
PO000907,2025-12-23,S007,P0082,233,233,45.78,2025-12-30,On Time
PO001015,2025-12-23,S009,P0090,961,961,58.13,2025-12-30,On Time
PO000875,2025-12-24,S015,P0080,419,419,28.54,2026-01-12,On Time
PO000955,2025-12-25,S002,P0087,176,176,49.06,2026-01-15,On Time
PO000993,2025-12-25,S015,P0089,693,693,11.66,2026-01-18,On Time
PO000610,2025-12-26,S009,P0056,856,675,24.15,2026-01-09,Partial
PO000771,2025-12-27,S002,P0071,157,157,33.17,2026-02-16,Late
PO000789,2025-12-28,S010,P0072,563,471,73.01,2026-01-30,Partial
PO000169,2025-12-28,S011,P0016,432,177,74.64,2026-01-14,Partial
PO000901,2025-12-29,S010,P0081,402,402,45.48,2026-01-23,On Time
PO000027,2025-12-30,S013,P0002,898,417,14.23,2026-01-20,Partial
PO000949,2025-12-30,S004,P0086,492,492,24.63,2026-02-03,On Time
PO000571,2025-12-30,S013,P0052,973,973,63.55,2026-01-08,On Time
PO001078,2025-12-30,S005,P0099,472,472,57.76,2026-01-30,Late
